{
  "integrations": [
    {
      "id": "1a48e0b1-5d36-42bc-a351-47c4eca3dabb",
      "name": "Approval Comments",
      "action": "RUN_SCRIPT",
      "type": "OUTBOUND_WEBHOOK",
      "triggeredBy": "ANNOTATION",
      "deployed": true,
      "form": "5adcb969-bcce-457c-99d3-be7c02bfd8fb",
      "script": "var chg_mgt_util = require('change management utils');\n\n// get and parse payload\nvar payload = chg_mgt_util.parseProperties(JSON.parse(request.body));\n\n// if we have a parent event id...\nif(payload.eventProperties.parentId){\n        \n    //build and post comment to parent event\n    var comment = \"[\" + payload.eventProperties.Status + \" Comment] \" + payload.author.firstName + \" \" + payload.author.lastName+\": \" + payload.comment;\n    chg_mgt_util.addCommentToEvent(payload.eventProperties.parentId, comment);\n}\n\n\n",
      "environment": "HOSTED",
      "authType": "NONE"
    },
    {
      "id": "0258948b-d029-4bcf-b541-d70d6b4af2eb",
      "name": "Approval Response",
      "action": "RUN_SCRIPT",
      "type": "OUTBOUND_WEBHOOK",
      "triggeredBy": "RESPONSE",
      "deployed": true,
      "form": "5adcb969-bcce-457c-99d3-be7c02bfd8fb",
      "script": "// require \"change management utils\"\nvar changeUtil = require('change management utils');\nvar approveUtil = require('approval utils');\n\n// parse the inbound payload\nvar payload = changeUtil.parseProperties(JSON.parse(request.body));\n\n// assign payload response to response\nvar response = payload.response;\nconsole.log('Response: ' + payload.response);\n\n// get the recipient details\nvar thisRecipient = changeUtil.getUser(payload.recipient);\n\n// get the parent event id\nvar thisParentId = payload.eventProperties.parentId.toString();\n\n//build and post a comment to the parent change event\nvar comment = \"[\" + payload.eventProperties.Status + \" Response] \" + thisRecipient.firstName + \" \" + thisRecipient.lastName + \": '\" + response + \"'\";\nchangeUtil.addCommentToEvent(thisParentId, comment);\n\n\nif(response === 'Approve'){\n    // get and test Auto Approve flag\n    var autoApprove = payload.eventProperties['Auto Approve'];\n    var autoApproveComments = \"\";\n    if(autoApprove){\n        autoApproveComments = approveUtil.autoApprove(payload);\n    }\n    \n    \n    /*update external system, some system yet to be determined, likely ServiceNow/Remedy/Cherwell etc,\n    uncomment and update 'updateResponse' function to use endpoint when we get there (TBD)*/\n    \n    //var updateChangeRequest = changeUtil.updateResponse(response);\n    \n} // end: if response is Approve\n\nif(response === 'Decline'){\n    console.log(\"Terminating Event\");\n    changeUtil.terminateEvent(payload.eventIdentifier);\n}\n\nif(response === 'Get History'){\n    //var autoApprove = payload.eventProperties['Auto Approve'];\n    (payload.eventProperties['Auto Approve'])?approveUtil.getApprovalsComments(payload):approveUtil.getApprovalComments(payload);\n}\n",
      "environment": "HOSTED",
      "authType": "NONE"
    },
    {
      "id": "bab52b1f-d75b-4eff-80a0-cd67433a97b5",
      "name": "Change Management Status Outbound",
      "action": "RUN_SCRIPT",
      "type": "OUTBOUND_WEBHOOK",
      "triggeredBy": "STATUS",
      "deployed": true,
      "form": "22456339-fc36-4316-a8a5-9194abd1bb99",
      "script": "// use shared code\nvar util = require('change management utils');\n\n// get and parse payload\nvar payload = util.parseProperties(JSON.parse(request.body));\n\n// If the event is active\nif(payload.status === 'active'){\n    \n    //log approvers\n    var managerApprovers = payload.eventProperties['Manager Approver Group'];\n    var stakeHolderApprovers = payload.eventProperties['Stakeholder Approver Group'];\n    var cabApprovers = payload.eventProperties['CAB Approver Group'];\n    console.log(\"Manager Approver(s): \" + managerApprovers);\n    console.log(\"Stakeholder Approver(s): \" + stakeHolderApprovers); \n    console.log(\"CAB Approver(s): \" + cabApprovers);\n     \n    // get status and change type properties\n    var thisStatus = payload.eventProperties.Status;\n    var thisChangeType = payload.eventProperties['Change Type'].toLowerCase();\n    \n    // set a flag\n    var isApprovalStatus = false;\n    \n    // then kick off the approver form if it is one of the necessary Type and Status\n    if(thisChangeType === 'normal'){\n        \n        // Build object of properties and include parent event ID so we can update parent from Child responses and comments\n        var data = {};\n        data.properties = payload.eventProperties;\n        data.properties.parentId = payload.eventIdentifier.toString();\n        \n    \n        // Check if we are dealing with an Approval status\n        var approvalStatus = constants['Approval Status and Groups'].split('\\n');\n        for (var x=0; x<approvalStatus.length; x++){\n            if(approvalStatus[x].split(',')[0].toLowerCase() === thisStatus.toLowerCase()){\n                isApprovalStatus = true;\n                approverGroup = approvalStatus[x].split(',')[1].trim();\n                console.log(\"Found a approval status '\" + approvalStatus[x].split(',')[0] + \"' with Group: '\" + approverGroup + \"'\");\n            }\n        }\n        // If this is a status that requires Approval then send an approval message using the approval form\n        if(isApprovalStatus){\n            \n            // get details about this change based on the Change Ticket Number\n            /*\n            var changeEvents = util.getEvents(\"ACTIVE\", \"Change Ticket Number#en\", payload.eventProperties['Change Ticket Number']);\n            var eventComments = \"\";\n            \n            // if we have any comments then add them to the new event\n            if(changeEvents.count > 0){\n                eventComments = util.getEventComments(changeEvents.data);\n            }\n            data.properties['Approval History'] = eventComments;\n            */\n            \n            //If we have any recipients then send them a message\n            var thisRecipientsArr = payload.eventProperties[approverGroup].split(',');\n            if(thisRecipientsArr.length > 0){\n                \n                // build recipients array\n                var recipents = util.parseChangeRecipients(payload.eventProperties[approverGroup]);\n                \n                // Add recipients to data obj\n                data.recipients = recipents;\n                \n                // Get the inbound integration API path\n                var approverForm = constants['approver form api'];\n                //var plan = util.getCommPlan( \"Change Management\" );\n                //var approverForm = util.getIntegration( 'Inbound - Change Approval', plan.id );\n\n                \n                //convert list property values to an array\n                data.properties['Manager Approver Group'] = util.convertToArray(managerApprovers);\n                data.properties['Stakeholder Approver Group'] = util.convertToArray(stakeHolderApprovers);\n                data.properties['CAB Approver Group'] = util.convertToArray(cabApprovers);\n                \n                // submit the new event\n                util.submitForm(data, approverForm);\n            }\n        }\n    }else{\n        console.log(\"No work to do.. :) ...really!\");\n        if(constants['Group Property UUIDs'] !== null){\n            \n            // get the field UUIDs from constants\n            var u = constants['Group Property UUIDs'].split(','); \n            \n            //get array of group names - descriptions\n            var v = util.getGroups();\n            \n            //populate field with values\n            for(var x in u){\n                util.syncProperty(u[x].trim(),v);\n            }\n            \n        }   \n    }\n}\n\n",
      "environment": "HOSTED",
      "authType": "NONE"
    },
    {
      "id": "acf4315f-7c61-4fdc-b9f9-3b5b59e83ad0",
      "name": "Inbound - Approval History",
      "action": "CREATE_EVENT_SIMPLE",
      "type": "INBOUND_WEBHOOK",
      "deployed": true,
      "form": "39801fed-1a7c-4a9c-833f-58c92cff880e",
      "script": "var plan_id = '8d05e725-2872-4cda-a8e7-d933e5210916', form_id = '39801fed-1a7c-4a9c-833f-58c92cff880e';\nvar xm_ver = 1;\n\nvar endpointpath = '/api/xm/' + xm_ver + '/plans/' + plan_id + '/forms/' + form_id + '/triggers';\n\nvar req = http.request({\n    method: 'POST',\n    endpoint: 'xMatters',\n    path: endpointpath,\n    headers: {\n        'Content-Type': 'application/json',\n    }\n});\n\n// Add requestId to payload\nvar payload = JSON.parse(request.body);\nif (!payload) {\n    payload = {};\n}\npayload.requestId = request.requestId;\npayload.integrationUUID = request.integrationUuid;\n\nvar response = req.write(payload);\n\n// If not 2xx response, throw exception to fail the integration\nif (response.statusCode >= 300) {\n    throw \"Failed to make call to xMatters endpoint. Path: \" + endpointpath + \". Server responded with status \" + response.statusCode;\n}\n\n",
      "environment": "HOSTED",
      "authType": "URL"
    },
    {
      "id": "134ec441-bc09-4765-8ec2-fadb2bd33b8d",
      "name": "Inbound - Change Approval",
      "action": "CREATE_EVENT_SIMPLE",
      "type": "INBOUND_WEBHOOK",
      "deployed": true,
      "form": "5adcb969-bcce-457c-99d3-be7c02bfd8fb",
      "script": "var plan_id = '8d05e725-2872-4cda-a8e7-d933e5210916', form_id = '5adcb969-bcce-457c-99d3-be7c02bfd8fb';\nvar xm_ver = 1;\n\nvar endpointpath = '/api/xm/' + xm_ver + '/plans/' + plan_id + '/forms/' + form_id + '/triggers';\n\nvar req = http.request({\n    method: 'POST',\n    endpoint: 'xMatters',\n    path: endpointpath,\n    headers: {\n        'Content-Type': 'application/json',\n    }\n});\n\n// Add requestId to payload\nvar payload = JSON.parse(request.body);\nif (!payload) {\n    payload = {};\n}\npayload.requestId = request.requestId;\npayload.integrationUUID = request.integrationUuid;\n\nvar response = req.write(payload);\n\n// If not 2xx response, throw exception to fail the integration\nif (response.statusCode >= 300) {\n    throw \"Failed to make call to xMatters endpoint. Path: \" + endpointpath + \". Server responded with status \" + response.statusCode;\n}\n\n",
      "environment": "HOSTED",
      "authType": "URL"
    }
  ],
  "endpoints": [],
  "constants": [
    {
      "name": "approval history form api",
      "value": "api/integration/1/functions/acf4315f-7c61-4fdc-b9f9-3b5b59e83ad0/triggers?apiKey=b3f0759e-13e9-4fe0-b002-f3a1f33f4610",
      "description": "API of inbound integration URL when approvals history is requested"
    },
    {
      "name": "Approval Status and Groups",
      "value": "Manager Approval, Manager Approver Group\nStakeholder Approvals, Stakeholder Approver Group\nCAB Approval, CAB Approver Group",
      "description": "Status that require approval , property storing respective approver(s)"
    },
    {
      "name": "approver form api",
      "value": "api/integration/1/functions/134ec441-bc09-4765-8ec2-fadb2bd33b8d/triggers?apiKey=16630439-a950-4c60-bb4c-d6bce4408684",
      "description": "API of inbound integration URL when approvals are needed"
    },
    {
      "name": "Group Property UUIDs",
      "value": "8cd3de59-40ae-444d-a681-ae38d59eb8b6,47eff1cc-517e-469c-876f-45a323e313fe,635a5287-641a-4796-9667-226099dfcc74",
      "description": "comma delimited list of Group property UUIDs"
    }
  ]
}