[
  {
    "name": "approval utils",
    "script": "var cmu = require('change management utils')\n\n//get event comments\nexports.getApprovalComments = function(payload){\n    console.log('Start: getApprovalComments');   \n    // get details about this change based on the Change Ticket Number\n    var changeEvents = cmu.getEvents(\"ACTIVE\", \"Change Ticket Number#en\", payload.eventProperties['Change Ticket Number']);\n    \n    var eventComments = \"\";\n    \n    // if we have any comments then add them to the new event\n    if(changeEvents.count > 0){\n        eventComments = cmu.getEventComments(changeEvents.data);\n    }\n    \n    var data = {};\n    data.properties = payload.eventProperties;\n    data.properties['Approval History'] = eventComments;\n    var recipients = [];\n    recipients.push({\"id\": payload.recipient,\n                \"recipientType\": \"PERSON\"\n            });\n    data.recipients = recipients;\n    \n    cmu.submitForm(data,constants['approval history form api']);\n    console.log('End: getApprovalComments'); \n    \n    return eventComments;\n};\n\nexports.getApprovalsComments = function(payload){\n    console.log('Start: getApprovalComments');   \n    // get details about this change based on the Change Ticket Number\n   var changeEvent = cmu.getEvent(payload.eventProperties.parentId);\n    \n    var eventComments = cmu.getEventsComments(changeEvent);\n    \n    var data = {};\n    data.properties = payload.eventProperties;\n    data.properties['Approval History'] = eventComments;\n    var recipients = [];\n    recipients.push({\"id\": payload.recipient,\n                \"recipientType\": \"PERSON\"\n            });\n    data.recipients = recipients;\n    \n    //var plan = cmu.getCommPlan( \"Change Management\" );\n    //var approveHistoryForm = cmu.getIntegration( 'Inbound - Approval History', plan.id );\n    \n    cmu.submitForm(data,constants['approval history form api']);\n    //cmu.submitForm(data, approveHistoryForm);\n    console.log('End: getApprovalComments'); \n    \n    return eventComments;\n};\n\n//data.properties['Approval History'] = approveUtil.getApprovalComments(payload);\n\n//manage auto approval process\nexports.autoApprove = function(payload){\n    \n    // define some vars\n    var thisStatus, comment='', approvalStatus, newApprovalStatus, newApprovalGroupField, newApprovalGroup;\n    \n    // get list of approval status from constant\n    approvalStatus = constants['Approval Status and Groups'].split('\\n');\n    \n    // get status from change record\n    thisStatus = payload.eventProperties.Status;\n    \n    console.log('Current Approval Status: ' +thisStatus);\n    \n    // get list of approval status from constant\n    approvalStatus = constants['Approval Status and Groups'].split('\\n');\n    \n    // loop through each approval status in the list to find out what to do next\n    for(var x=0; x<approvalStatus.length; x++){\n        console.log(\"approvalStatus: \" + approvalStatus[x].split(',')[0]);\n        \n        // test if change record status is in the approval status list\n        if(approvalStatus[x].split(',')[0].toLowerCase() === thisStatus.toLowerCase()){\n            \n            // check there is another approval status to go to\n            if((x+1) < approvalStatus.length){\n                \n                // go get the next approval status details\n                newApprovalStatus = approvalStatus[x+1].split(',')[0];\n                newApprovalGroupField = approvalStatus[x+1].split(',')[1].trim();\n                comment += \"Next Approval Status found: '\" + newApprovalStatus + \"'.\\n\";\n                \n                newApprovalGroup = cmu.parseChangeRecipients(payload.eventProperties[newApprovalGroupField]);\n        \n                // check to make sure we have some approvers\n                if (newApprovalGroup.length !== 0) {\n                    console.log(\"Creating a new '\"+newApprovalStatus+\"' event for '\" + newApprovalGroupField + \"'\");\n                    comment += \"To be approved by '\" + newApprovalGroupField + \"'\\n\";\n                    \n                    // build payload fro new event\n                    var data = {};\n                    data.properties = payload.eventProperties;\n                    data.properties.Status = newApprovalStatus;\n                    //format list properties\n                    var managerApprovers = payload.eventProperties['Manager Approver Group'];\n                    var stakeHolderApprovers = payload.eventProperties['Stakeholder Approver Group'];\n                    var cabApprovers = payload.eventProperties['CAB Approver Group'];\n                    data.properties['Manager Approver Group'] = cmu.convertToArray(managerApprovers);\n                    data.properties['Stakeholder Approver Group'] = cmu.convertToArray(stakeHolderApprovers);\n                    data.properties['CAB Approver Group'] = cmu.convertToArray(cabApprovers);\n                    data.recipients = newApprovalGroup;\n                    \n                    // create the new event\n                    var newEvent = cmu.submitForm(data, constants['approver form api']);\n                    if(newEvent.hasOwnProperty('requestId')){\n                        console.log(\"New event has been created:\\n\" + JSON.stringify(newEvent));\n                        comment += \"New Event (\" + newEvent.requestId + \") created successfully\\n\";\n                    }else{\n                        console.log(\"An Error occured creating the new event\\n\" + JSON.stringify(newEvent));\n                        comment += \"An Error occured creating the new event\";\n                    }\n                    \n                    // jobs done so break out of loop\n                    break;\n                }else{\n                    //that status had no approvers defined so go look for the next status and approvers\n                    comment += \"No Approvers are defined for this Status\\n\";\n                    thisStatus = newApprovalStatus;\n                }\n            }else{\n                // we are working the last approver status, we can do no more so break out of loop\n                comment += \"'\"+ thisStatus + \"' is the final approval status\\nAll approvals are complete\";\n                break;\n            }\n        }\n    }\n    \n    // update the parent Change request with what we have done\n    cmu.addCommentToEvent(payload.eventProperties.parentId.toString(), comment);\n    \n    return comment;\n\n};\n"
  },
  {
    "name": "change management utils",
    "script": "\n\n//Parse payload properties to a dot.walkable object\nexports.parseProperties = function(payload){\n    if (payload.eventProperties && Array.isArray(payload.eventProperties)) {\n        var eventProperties = payload.eventProperties;\n        payload.eventProperties = {};\n        \n        for (var i = 0; i < eventProperties.length; i++) {\n            var eventProperty = eventProperties[i];\n            var key = Object.keys(eventProperty)[0];\n            payload.eventProperties[key] = eventProperty[key];\n        }\n    }\n    return payload;\n};\n\n//Build recipients array from a list\nexports.parseChangeRecipients = function(groupRecipients){\n    console.log('Start: parseChangeRecipients');\n    var thisRecpientsArr = groupRecipients.split(',');\n    var target = [];\n    for (var i = 0; i < thisRecpientsArr.length; i++) {\n        if(thisRecpientsArr[i].trim() !== 'None'){\n            target.push({\n                \"id\": thisRecpientsArr[i].trim(),\n                \"recipientType\": \"GROUP\"\n            });\n        }\n    }\n    console.log('End: parseChangeRecipients');\n    return target;\n    \n};\n\n//Internal function to check if return code is valid\nvar isValidStatusCode = function(statusCode) {\n    return statusCode >= 200 && statusCode <= 299;\n};\n\n//Get User Object from xMatters\nexports.getUser = function(user) {\n    \n    var xMUserRequ = http.request( { \n         \"endpoint\": \"xMatters\",\n         \"path\": \"/api/xm/1/people/\" + user,\n         \"method\": \"GET\"\n     } );\n    \n    var xMUserRequResponse = xMUserRequ.write();\n    \n    if (xMUserRequResponse.statusCode == 200 ) {\n       return JSON.parse(xMUserRequResponse.body);\n    }else {\n        return JSON.parse(xMUserRequResponse);\n    }\n    \n    return null ;\n};\n\n//MrT: get all events matching the Change Ticket Number in Chronilogical order\n//May not need to do this.  may be able to just get the parent..\nexports.getEvents = function(status, searchName, searchValue) {  \nconsole.log('Start: getEvents: ' + status + ': ' + searchName + ': ' + searchValue);\n    var params = \"\";\n    if(searchName !== \"\" && searchValue !== \"\"){\n        params = \"&propertyName=\" + encodeURIComponent(searchName) + \"&propertyValue=\" + encodeURIComponent(searchValue);\n    }\n    \n    params = params + '&form=' + encodeURIComponent(\"Request for Change\") + '&embed=annotations,properties&sortBy=START_TIME&sortOrder=ASCENDING';//&limit=1';\n    \n    \n    // Prepare the HTTP request to locate existing active events\n    var getEvents = http.request({\n        'endpoint': 'xMatters',\n        'method': 'GET',\n        'path': '/api/xm/1/events?status=ACTIVE' + params,\n        'headers': {\n            'Content-Type': 'application/json'\n        }\n    });\n    var response = getEvents.write();\n    if(isValidStatusCode(response.statusCode)) {\n        var events = [];\n        if(response.body) {\n            events = JSON.parse(response.body);\n        }\n        console.log('End: getEvents');\n        return events;\n    } else {\n        throw 'getEvents returned an error: ' + response.statusCode;\n    }\n};\n\n//Get a single event\nexports.getEvent = function(eventId) {  \nconsole.log('Start: getEvent: ' + eventId);\n    \n    // Prepare the HTTP request to locate existing active events\n    var getEvent = http.request({\n        'endpoint': 'xMatters',\n        'method': 'GET',\n        'path': '/api/xm/1/events/' + eventId + '?embed=annotations,properties',\n        'headers': {\n            'Content-Type': 'application/json'\n        }\n    });\n    var response = getEvent.write();\n    if(isValidStatusCode(response.statusCode)) {\n        var event = [];\n        if(response.body) {\n            event = JSON.parse(response.body);\n        }\n        console.log('End: getEvent');\n        return event;\n    } else {\n        throw 'getEvent returned an error: ' + response.statusCode;\n    }\n};\n\n//terminate event\nexports.terminateEvent = function(eventId) {\n    console.log(\"Start: terminating event \" + eventId);\n    var response = http.request({\n        'endpoint': 'xMatters',\n        'method': 'POST',\n        'path': '/api/xm/1/events',\n        'headers': {\n            'Content-Type': 'application/json'\n        }\n    }).write({\n        id: eventId,\n        status: \"TERMINATED\"\n    });\n    if(isValidStatusCode(response.statusCode)) {\n        return true;\n    } else {\n        return false;\n    }\n};\n\n//add comments to an event\nexports.addCommentToEvent = function(eventId, comment){\n    console.log(\"Adding comment to event\\n\" + comment);\n    var request = http.request({ \n         \"endpoint\": \"xMatters\",\n         \"path\": \"/api/xm/1/events/\" + eventId + \"/annotations\",\n         \"method\": \"POST\",\n         \"headers\" : {\"Content-Type\": \"application/json\"}\n     });\n    \n    var data = {};\n    data.comment = comment;\n    \n    response = request.write(data);\n    \n    if (isValidStatusCode(response.statusCode)) {\n        json = JSON.parse(response.body);\n    }\n};\n\n\n//MrT: 20180808 \n// used to invoke a new inbound integration\n// data - the well formed payload\n// path - the inbound integration URL\n//\nexports.submitForm = function(data, path){\n    var createNewEventResp = http.request({\n                'endpoint': 'xMatters',\n                'method': 'POST',\n                'path': path,\n                'headers': {\n                    'Content-Type': 'application/json'\n                }\n            }).write(data);\n            \n        if(isValidStatusCode(createNewEventResp.statusCode)) {\n            return JSON.parse(createNewEventResp.body);\n        } else {\n            return JSON.parse(createNewEventResp);\n        }\n};\n\nexports.getEventComments = function(events){\n    console.log('Start: getEventComments');\n    \n    var comments = \"\";\n    for (var x in events) {\n        \n        var thisEvent = events[x];\n        \n        var thisStatus = events[x].properties.Status;\n        \n        if(thisEvent.annotations.count > 0){\n            \n            for( var y in thisEvent.annotations.data){\n                \n                var thisAnnotation = thisEvent.annotations.data[y].comment;\n                var thisDate = new Date(thisEvent.annotations.data[y].created);\n                var comment = '(' + thisDate + ') [' +  thisStatus + '] ' + thisAnnotation;\n                console.log('Found a Comment: ' + comment);\n                comments += comment + \"\\n\";\n            }\n        }\n    }\n    \n    console.log('End: getEventComments');\n    \n    return comments;\n};\n\nexports.getEventsComments = function(event){\n    console.log('Start: getEventsComments');\n    \n    var comments = \"\";\n    \n    var thisStatus = event.properties.Status;\n        \n    if(event.annotations.count > 0){\n        \n        for( var y in event.annotations.data){\n            \n            var thisAnnotation = event.annotations.data[y].comment;\n            var thisDate = new Date(event.annotations.data[y].created);\n            var comment = '(' + thisDate + ') [' +  thisStatus + '] ' + thisAnnotation;\n            console.log('Found a Comment: ' + comment);\n            comments += comment + \"\\n\";\n        }\n    }\n    \n    console.log('End: getEventsComments');\n    \n    return comments;\n};\n\nexports.convertToArray = function(val){\n    console.log('Start: convertToArray');\n    var v = val.split(',');\n    var arr = [];\n    if(v.length>0){\n        \n        for(var x=0;x<v.length;x++){\n            console.log(\"convertToArray: \" + v[x]);\n            arr.push(v[x].trim());\n        }\n    }\n    console.log('End: convertToArray');\n    return arr;\n};\n\n\nexports.getIntegration = function( name, commPlanUUID ) {\n\n    var path = \"/api/xm/1/plans/\" + commPlanUUID + \"/integrations?integrationType=INBOUND_WEBHOOK\";\n    return doPages( name, path );\n};\n\nexports.getCommPlan = function( name ) {\n    var path = \"/api/xm/1/plans?planType=PLAN\";\n\n    return doPages( name, path );\n\n};\n\n\nfunction getMore( path ) {\n    console.log( 'Getting more at \"' + path + '\"' );\n\n    var req = http.request({\n       \"endpoint\": \"xMatters\",\n       \"path\": path,\n       \"method\": \"GET\"\n    });\n\n    return JSON.parse( req.write().body );\n\n}\n\n\nfunction doPages( name, path ) {\n\n    var list = getMore( path );\n    var item;\n\n    var found = false;\n    var p = -1;\n    while( !found ) {\n         p++;\n\n        if( p >= list.count ) {\n            if( list.links.next ) {\n                list = getMore( list.links.next ); \n                p = 0;\n            }\n\n            else \n                return;\n        }\n\n\n        item = list.data[p];\n\n        if( item.name == name )\n           return item;\n\n\n    }\n    return;\n\n}\n\nexports.syncProperty = function(uuid, vals){\n    \n    var u = uuid;\n    var v = vals;\n    \n    var xMRequest = http.request( { \n         \"endpoint\": \"xMatters\",\n         \"path\": \"reapi/2015-01-01/properties/\" + u + \"/values\",\n         \"method\": \"PUT\"\n    } );\n    \n    try{\n        var response = xMRequest.write(v);\n        \n        if(isValidStatusCode(response.statusCode)) {\n            return true;\n        } else {\n            return JSON.parse(response);\n        }\n    } catch(err){\n        console.log(\"An error has occured\\n\" + err.message);\n    }\n    \n};\n\n//MrT: return a list of group names - group descriptions\nexports.getGroups = function(query) {\n    var pageSize = 100;  //Usual 100, max 1000\n    \n    var params = '';\n    if ( query )  {\n        params = '&' + query;\n    }\n    \n    var pageOffset = 0; var counter = 0; var total = 1;\n    var fullData = [];\n    while (counter < total)  {\n        //Create request object\n        var xMGroupsRequ = http.request( { \n             \"endpoint\": \"xMatters\",\n             \"path\": '/api/xm/1/groups/?offset=' + pageOffset + '&limit=' + pageSize + params,\n             \"method\": \"GET\"\n         } );\n    \n        //Execute request\n        var xMGroupsRequResponse = xMGroupsRequ.write();\n    \n        if (xMGroupsRequResponse.statusCode != 200 ) {\n           console.log('ERROR getGroups - Response code ' + xMGroupsRequResponse.statusCode + ' while requesting page offset ' + pageOffset );\n           return null;\n        }\n        \n        //Set a default None option\n        fullData.push('None*');\n        \n        //Decode\n        var response = JSON.parse(xMGroupsRequResponse.body);\n        for(var x in response.data){\n            var grp = response.data[x].targetName;\n            //if(response.data[x].description !== \"\") grp += \" ['\" + response.data[x].description + \"']\";\n            fullData.push(grp);\n        }\n        \n        //Update counts and slurp data\n        counter = pageOffset + response.count;\n        total = response.total;\n        pageOffset = counter;\n        //fullData += grpList;\n    }\n        \n    return fullData ;\n};\n\n"
  }
]