[
  {
    "baseType": 3,
    "name": "Affected Service",
    "defaultValue": "",
    "description": "",
    "helpText": "",
    "isSystem": false,
    "minLength": 0,
    "maxLength": 20000,
    "validationRegex": "",
    "isValidate": false
  },
  {
    "baseType": 3,
    "name": "Approval History",
    "defaultValue": "",
    "description": "used to record previous approval comments and responses",
    "helpText": "",
    "isSystem": false,
    "minLength": 0,
    "maxLength": 10000,
    "validationRegex": "",
    "isValidate": false
  },
  {
    "baseType": 3,
    "name": "Assigned Group",
    "defaultValue": "",
    "description": "",
    "helpText": "",
    "isSystem": false,
    "minLength": 0,
    "maxLength": 2000,
    "validationRegex": "",
    "isValidate": false
  },
  {
    "baseType": 0,
    "name": "Auto Approve",
    "defaultValue": "false",
    "description": "A flag to identify Manual or Auto approval process",
    "helpText": "Select true to automatically cycle through all approver groups",
    "isSystem": false
  },
  {
    "baseType": 3,
    "name": "Backout Plan",
    "defaultValue": "",
    "description": "Instructions for a rollback",
    "helpText": "",
    "isSystem": false,
    "minLength": 0,
    "maxLength": 2000,
    "validationRegex": "",
    "isValidate": false
  },
  {
    "baseType": 22,
    "name": "CAB Approver Group",
    "description": "pre-populated list of groups used to identify CAB Approval",
    "helpText": "",
    "isSystem": false,
    "values": [
      {
        "value": "None",
        "isDefault": true,
        "isVisible": true
      },
      {
        "value": "CAB_Approval",
        "isDefault": false,
        "isVisible": true
      },
      {
        "value": "First Line",
        "isDefault": false,
        "isVisible": true
      },
      {
        "value": "Hardware",
        "isDefault": false,
        "isVisible": true
      },
      {
        "value": "Launchpad Group test",
        "isDefault": false,
        "isVisible": true
      },
      {
        "value": "Stakeholder Group",
        "isDefault": false,
        "isVisible": true
      }
    ]
  },
  {
    "baseType": 3,
    "name": "Category",
    "defaultValue": "",
    "description": "",
    "helpText": "",
    "isSystem": false,
    "minLength": 0,
    "maxLength": 20000,
    "validationRegex": "",
    "isValidate": false
  },
  {
    "baseType": 3,
    "name": "Change Ticket Number",
    "defaultValue": "",
    "description": "",
    "helpText": "",
    "isSystem": false,
    "minLength": 0,
    "maxLength": 50,
    "validationRegex": "",
    "isValidate": false
  },
  {
    "baseType": 21,
    "name": "Change Type",
    "description": "",
    "helpText": "",
    "isSystem": false,
    "values": [
      {
        "value": "Normal",
        "isDefault": false,
        "isVisible": true
      },
      {
        "value": "Emergency",
        "isDefault": false,
        "isVisible": true
      }
    ]
  },
  {
    "baseType": 3,
    "name": "CI",
    "defaultValue": "",
    "description": "",
    "helpText": "",
    "isSystem": false,
    "minLength": 0,
    "maxLength": 2000,
    "validationRegex": "",
    "isValidate": false
  },
  {
    "baseType": 3,
    "name": "Description",
    "defaultValue": "",
    "description": "",
    "helpText": "",
    "isSystem": false,
    "minLength": 0,
    "maxLength": 20000,
    "validationRegex": "",
    "isValidate": false
  },
  {
    "baseType": 21,
    "name": "Impact",
    "description": "",
    "helpText": "",
    "isSystem": false,
    "values": [
      {
        "value": "High",
        "isDefault": false,
        "isVisible": true
      },
      {
        "value": "Medium",
        "isDefault": false,
        "isVisible": true
      },
      {
        "value": "Low",
        "isDefault": false,
        "isVisible": true
      }
    ]
  },
  {
    "baseType": 3,
    "name": "Impact Description",
    "defaultValue": "",
    "description": "What systems and users might this Change affect?",
    "helpText": "",
    "isSystem": false,
    "minLength": 0,
    "maxLength": 2000,
    "validationRegex": "",
    "isValidate": false
  },
  {
    "baseType": 22,
    "name": "Manager Approver Group",
    "description": "pre-populated list of groups used to identify Management Approval",
    "helpText": "",
    "isSystem": false,
    "values": [
      {
        "value": "None",
        "isDefault": true,
        "isVisible": true
      },
      {
        "value": "CAB_Approval",
        "isDefault": false,
        "isVisible": true
      },
      {
        "value": "First Line",
        "isDefault": false,
        "isVisible": true
      },
      {
        "value": "Hardware",
        "isDefault": false,
        "isVisible": true
      },
      {
        "value": "Launchpad Group test",
        "isDefault": false,
        "isVisible": true
      },
      {
        "value": "Stakeholder Group",
        "isDefault": false,
        "isVisible": true
      }
    ]
  },
  {
    "baseType": 3,
    "name": "parentId",
    "defaultValue": "",
    "description": "",
    "helpText": "",
    "isSystem": false,
    "minLength": 0,
    "maxLength": 50,
    "validationRegex": "",
    "isValidate": false
  },
  {
    "baseType": 21,
    "name": "Priority",
    "description": "",
    "helpText": "",
    "isSystem": false,
    "values": [
      {
        "value": "1",
        "isDefault": false,
        "isVisible": true
      },
      {
        "value": "2",
        "isDefault": false,
        "isVisible": true
      },
      {
        "value": "3",
        "isDefault": false,
        "isVisible": true
      },
      {
        "value": "4",
        "isDefault": false,
        "isVisible": true
      },
      {
        "value": "5",
        "isDefault": false,
        "isVisible": true
      }
    ]
  },
  {
    "baseType": 22,
    "name": "Risk",
    "description": "",
    "helpText": "",
    "isSystem": false,
    "values": [
      {
        "value": "1 - High",
        "isDefault": false,
        "isVisible": true
      },
      {
        "value": "2 - Medium",
        "isDefault": false,
        "isVisible": true
      },
      {
        "value": "3 - Low",
        "isDefault": false,
        "isVisible": true
      }
    ]
  },
  {
    "baseType": 22,
    "name": "Stakeholder Approver Group",
    "description": "pre-populated list of groups used to identify Staleholder Approval",
    "helpText": "",
    "isSystem": false,
    "values": [
      {
        "value": "None",
        "isDefault": true,
        "isVisible": true
      },
      {
        "value": "CAB_Approval",
        "isDefault": false,
        "isVisible": true
      },
      {
        "value": "First Line",
        "isDefault": false,
        "isVisible": true
      },
      {
        "value": "Hardware",
        "isDefault": false,
        "isVisible": true
      },
      {
        "value": "Launchpad Group test",
        "isDefault": false,
        "isVisible": true
      },
      {
        "value": "Stakeholder Group",
        "isDefault": false,
        "isVisible": true
      }
    ]
  },
  {
    "baseType": 21,
    "name": "Status",
    "description": "",
    "helpText": "",
    "isSystem": false,
    "values": [
      {
        "value": "RFC",
        "isDefault": false,
        "isVisible": true
      },
      {
        "value": "Manager Approval",
        "isDefault": false,
        "isVisible": true
      },
      {
        "value": "Stakeholder Approvals",
        "isDefault": false,
        "isVisible": true
      },
      {
        "value": "CAB Approval",
        "isDefault": false,
        "isVisible": true
      },
      {
        "value": "Scheduled",
        "isDefault": false,
        "isVisible": true
      },
      {
        "value": "In Progress",
        "isDefault": false,
        "isVisible": true
      },
      {
        "value": "Backed Out",
        "isDefault": false,
        "isVisible": true
      },
      {
        "value": "Complete with Errors",
        "isDefault": false,
        "isVisible": true
      },
      {
        "value": "Complete without Errors",
        "isDefault": false,
        "isVisible": true
      },
      {
        "value": "Peer Approval",
        "isDefault": false,
        "isVisible": true
      }
    ]
  },
  {
    "baseType": 3,
    "name": "Summary",
    "defaultValue": "",
    "description": "",
    "helpText": "",
    "isSystem": false,
    "minLength": 0,
    "maxLength": 2000,
    "validationRegex": "",
    "isValidate": false
  },
  {
    "baseType": 21,
    "name": "Urgency",
    "description": "",
    "helpText": "",
    "isSystem": false,
    "values": [
      {
        "value": "High",
        "isDefault": false,
        "isVisible": true
      },
      {
        "value": "Medium",
        "isDefault": false,
        "isVisible": true
      },
      {
        "value": "Low",
        "isDefault": false,
        "isVisible": true
      }
    ]
  }
]